,False,True,accuracy,macro avg,weighted avg
precision,0.575,0.0,0.5609756097560976,0.2875,0.3365853658536585
recall,0.9583333333333334,0.0,0.5609756097560976,0.4791666666666667,0.5609756097560976
f1-score,0.71875,0.0,0.5609756097560976,0.359375,0.42073170731707316
support,24.0,17.0,0.5609756097560976,41.0,41.0
